Timestamp;SensorID;AttributeID;Value;
2017-01-01T00:00:10.0100000;Sensor1;NO2;8.78540654652496;
2017-01-01T00:00:10.0100000;Sensor1;SO2;9.78388974306016;
2017-01-01T00:00:10.0100000;Sensor1;PM10;0.0171114013355998;
2017-01-01T00:00:24.5880000;Sensor2;O3;13.3555096255324;
2017-01-01T00:00:24.5880000;Sensor2;NO2;22.1864461494123;
2017-01-01T00:00:24.5880000;Sensor2;SO2;35.9619142104779;
2017-01-01T00:00:24.5880000;Sensor2;PM10;2.69995574033817;
2017-01-01T00:00:54.4850000;Sensor3;O3;5.47809317455115;
2017-01-01T00:00:54.4850000;Sensor3;NO2;51.9134239196713;
2017-01-01T00:00:54.4850000;Sensor3;SO2;18.8209463887522;
2017-01-01T00:00:54.4850000;Sensor3;PM10;8.28157677277488;
2017-01-01T00:00:03.9340000;Sensor4;O3;15.9811820824628;
2017-01-01T00:00:03.9340000;Sensor4;NO2;41.7528025069054;
2017-01-01T00:00:03.9340000;Sensor4;SO2;9.34418972847416;
2017-01-01T00:00:03.9340000;Sensor4;PM10;0.000657319006900833;
2017-01-01T00:01:25.4560000;Sensor5;O3;20.9330504730625;
2017-01-01T00:01:25.4560000;Sensor5;NO2;8.61118249149498;
2017-01-01T00:01:25.4560000;Sensor5;SO2;13.4435812370293;
2017-01-01T00:01:25.4560000;Sensor5;PM10;7.25847777232542;
2017-01-01T00:00:50.3870000;Sensor6;O3;5.0549956443129;
2017-01-01T00:00:50.3870000;Sensor6;NO2;30.2543278501114;
2017-01-01T00:00:50.3870000;Sensor6;SO2;40.5034625202391;
2017-01-01T00:00:50.3870000;Sensor6;PM10;8.61458832968536;
2017-01-01T00:00:56.4830000;Sensor7;O3;14.3289340642035;
2017-01-01T00:00:56.4830000;Sensor7;NO2;42.178576086731;
2017-01-01T00:00:56.4830000;Sensor7;SO2;8.63458053610966;
2017-01-01T00:00:56.4830000;Sensor7;PM10;8.12674415760903;
2017-01-01T00:00:22.5440000;Sensor8;O3;14.9717454698906;
2017-01-01T00:00:22.5440000;Sensor8;NO2;51.7533883693411;
2017-01-01T00:00:22.5440000;Sensor8;SO2;28.6555032971912;
2017-01-01T00:00:22.5440000;Sensor8;PM10;2.98107623430781;
2017-01-01T00:00:38.6790000;Sensor9;O3;12.8873533840952;
2017-01-01T00:00:38.6790000;Sensor9;NO2;3.60308294775616;
2017-01-01T00:00:38.6790000;Sensor9;SO2;12.178317099046;
2017-01-01T00:00:38.6790000;Sensor9;PM10;5.24690965942852;
2017-01-01T00:30:39.0040000;Sensor0;O3;36.7797600526823;
2017-01-01T00:30:39.0040000;Sensor0;NO2;80.2280346451481;
2017-01-01T00:30:39.0040000;Sensor0;SO2;38.151540049253;
2017-01-01T00:30:39.0040000;Sensor0;PM10;1.99603267330184;
2017-01-01T00:30:27.8710000;Sensor1;O3;24.8904346727471;
2017-01-01T00:30:27.8710000;Sensor1;NO2;39.2544517861209;
2017-01-01T00:30:27.8710000;Sensor1;SO2;22.5360681184578;
2017-01-01T00:30:27.8710000;Sensor1;PM10;2.03249244814451;
2017-01-01T00:30:30.9300000;Sensor2;O3;35.7728060028143;
2017-01-01T00:30:30.9300000;Sensor2;NO2;67.3680601070102;
2017-01-01T00:30:30.9300000;Sensor2;SO2;51.6386956182312;
2017-01-01T00:30:30.9300000;Sensor2;PM10;6.4729109182616;
2017-01-01T00:30:07.9070000;Sensor3;O3;30.4811576773413;
2017-01-01T00:30:07.9070000;Sensor3;NO2;75.3217674157356;
2017-01-01T00:30:07.9070000;Sensor3;SO2;55.4534692790985;
2017-01-01T00:30:07.9070000;Sensor3;PM10;13.6141820327653;
2017-01-01T00:30:07.2000000;Sensor4;O3;26.1898797516064;
2017-01-01T00:30:07.2000000;Sensor4;NO2;79.5090204644355;
2017-01-01T00:30:07.2000000;Sensor4;SO2;32.136488990229;
2017-01-01T00:30:07.2000000;Sensor4;PM10;6.00498096358017;
2017-01-01T00:30:44.5270000;Sensor5;O3;36.4072610551217;
2017-01-01T00:30:44.5270000;Sensor5;NO2;15.1945462698168;
2017-01-01T00:30:44.5270000;Sensor5;SO2;52.114791499689;
2017-01-01T00:30:44.5270000;Sensor5;PM10;11.7831739686528;
2017-01-01T00:30:42.9280000;Sensor6;O3;23.7269595849234;
2017-01-01T00:30:42.9280000;Sensor6;NO2;76.0465909272865;
2017-01-01T00:30:42.9280000;Sensor6;SO2;69.4849079582858;
2017-01-01T00:30:42.9280000;Sensor6;PM10;11.1501063795513;
2017-01-01T00:31:12.6850000;Sensor7;O3;24.5494393965494;
2017-01-01T00:31:12.6850000;Sensor7;NO2;92.2474502253398;
2017-01-01T00:31:12.6850000;Sensor7;SO2;45.4545759976926;
2017-01-01T00:31:12.6850000;Sensor7;PM10;13.187324762143;
2017-01-01T00:31:06.3380000;Sensor8;O3;39.5784797558276;
2017-01-01T00:31:06.3380000;Sensor8;NO2;72.8571634909574;
2017-01-01T00:31:06.3380000;Sensor8;SO2;70.0549003898137;
2017-01-01T00:31:06.3380000;Sensor8;PM10;7.71252404226165;
2017-01-01T00:30:34.5600000;Sensor9;O3;30.3609667425686;
2017-01-01T00:30:34.5600000;Sensor9;NO2;32.2936627186725;
2017-01-01T00:30:34.5600000;Sensor9;SO2;19.6346721610986;
2017-01-01T00:30:34.5600000;Sensor9;PM10;6.95233842381558;
2017-01-01T01:00:44.5260000;Sensor0;O3;59.5323533239709;
2017-01-01T01:00:44.5260000;Sensor0;NO2;85.0708928234295;
2017-01-01T01:00:44.5260000;Sensor0;SO2;61.8887014016991;
2017-01-01T01:00:44.5260000;Sensor0;PM10;6.33424404998439;
2017-01-01T00:01:20.6090000;Sensor0;O3;17.8902017543936;
2017-01-01T00:01:20.6090000;Sensor0;NO2;42.4807462361763;
2017-01-01T00:01:20.6090000;Sensor0;SO2;13.6449094925285;
2017-01-01T00:01:20.6090000;Sensor0;PM10;1.55796479844986;
2017-12-24T04:00:59.5860000;Sensor3;O3;135.238906476522;
2017-12-24T04:00:59.5860000;Sensor3;NO2;305.416319518128;
2017-12-24T04:00:59.5860000;Sensor3;SO2;231.985037370646;
2017-12-24T04:00:59.5860000;Sensor3;PM10;58.8132064773833;
2017-12-24T04:01:27.9950000;Sensor4;O3;117.607288104407;
2017-12-24T04:01:27.9950000;Sensor4;NO2;259.752900750986;
2017-12-24T04:01:27.9950000;Sensor4;SO2;245.3909982229;
2017-12-24T04:01:27.9950000;Sensor4;PM10;52.0630475456171;
2017-12-24T04:00:47.0780000;Sensor5;O3;165.460730806371;
2017-12-24T04:00:47.0780000;Sensor5;NO2;289.329560316316;
2017-12-24T04:00:47.0780000;Sensor5;SO2;256.716275780223;
2017-12-24T04:00:47.0780000;Sensor5;PM10;60.5259324793148;
2017-12-24T04:00:51.1150000;Sensor6;O3;136.179417672491;
2017-12-24T04:00:51.1150000;Sensor6;NO2;272.829495104316;
2017-12-24T04:00:51.1150000;Sensor6;SO2;250.797122727187;
2017-12-24T04:00:51.1150000;Sensor6;PM10;56.1951892840953;
2017-12-24T04:01:26.6150000;Sensor7;O3;147.78033650161;
2017-12-24T04:01:26.6150000;Sensor7;NO2;319.987624955458;
2017-12-24T04:01:26.6150000;Sensor7;SO2;205.084350114016;
2017-12-24T04:01:26.6150000;Sensor7;PM10;58.4263551301631;
2017-12-24T04:01:23.9330000;Sensor8;O3;133.183868506933;
2017-12-24T04:01:23.9330000;Sensor8;NO2;286.765025762993;
2017-12-24T04:01:23.9330000;Sensor8;SO2;270.373581322258;
2017-12-24T04:01:23.9330000;Sensor8;PM10;52.8930923042834;
2017-12-24T04:00:42.8350000;Sensor9;O3;162.236730515025;
2017-12-24T04:00:42.8350000;Sensor9;NO2;351.421198884082;
2017-12-24T04:00:42.8350000;Sensor9;SO2;269.927533592006;
2017-12-24T04:00:42.8350000;Sensor9;PM10;58.4726817164755;
2017-12-24T04:31:19.4950000;Sensor0;O3;136.107267727135;
2017-12-24T04:31:19.4950000;Sensor0;NO2;332.527681443473;
2017-12-24T04:31:19.4950000;Sensor0;SO2;269.227559729606;
2017-12-24T04:31:19.4950000;Sensor0;PM10;50.4973220393551;
2017-12-24T04:30:37.6860000;Sensor1;O3;155.648114740009;
2017-12-24T04:30:37.6860000;Sensor1;NO2;241.615281022793;
2017-12-24T04:30:37.6860000;Sensor1;SO2;178.782011528413;
2017-12-24T04:30:37.6860000;Sensor1;PM10;56.6123537479678;
2017-12-24T04:31:04.3120000;Sensor2;O3;126.28074752902;
2017-12-24T04:31:04.3120000;Sensor2;NO2;239.192942295389;
2017-12-24T04:31:04.3120000;Sensor2;SO2;247.671756117265;
2017-12-24T04:31:04.3120000;Sensor2;PM10;51.2589587719845;
2017-12-24T04:30:04.2960000;Sensor3;O3;139.1174134373;
2017-12-24T04:30:04.2960000;Sensor3;NO2;302.253147648387;
2017-12-24T04:30:04.2960000;Sensor3;SO2;253.064461425166;
2017-12-24T04:30:04.2960000;Sensor3;PM10;56.9128586108116;
2017-12-24T04:31:13.1390000;Sensor4;O3;117.006630052956;
2017-12-24T04:31:13.1390000;Sensor4;NO2;290.340473631114;
2017-12-24T04:31:13.1390000;Sensor4;SO2;254.907629594496;
2017-12-24T04:31:13.1390000;Sensor4;PM10;52.7754553742915;
2017-12-24T04:30:25.6820000;Sensor5;O3;159.896480475484;
2017-12-24T04:30:25.6820000;Sensor5;NO2;305.261011594726;
2017-12-24T04:30:25.6820000;Sensor5;SO2;277.45229262434;
2017-12-24T04:30:25.6820000;Sensor5;PM10;57.0331202191263;
2017-12-24T04:30:27.5180000;Sensor6;O3;135.933319601647;
2017-12-24T04:30:27.5180000;Sensor6;NO2;287.759977211804;
2017-12-24T04:30:27.5180000;Sensor6;SO2;265.019450130452;
2017-12-24T04:30:27.5180000;Sensor6;PM10;59.2147848580712;
2017-12-24T04:30:43.8820000;Sensor7;O3;146.749281661749;
2017-12-24T04:30:43.8820000;Sensor7;NO2;296.991449908144;
2017-12-24T04:30:43.8820000;Sensor7;SO2;199.540462998914;
2017-12-24T04:30:43.8820000;Sensor7;PM10;62.0061746603922;
2017-12-24T04:30:27.2380000;Sensor8;O3;132.855128250922;
2017-12-24T04:30:27.2380000;Sensor8;NO2;293.272634714233;
2017-12-24T04:30:27.2380000;Sensor8;SO2;271.770092412881;
2017-12-24T04:30:27.2380000;Sensor8;PM10;49.2537201623048;
2017-12-24T04:30:45.5720000;Sensor9;O3;165.796105109044;
2017-12-24T04:30:45.5720000;Sensor9;NO2;337.750340000907;
2017-12-24T04:30:45.5720000;Sensor9;SO2;246.976352650481;
2017-12-24T04:30:45.5720000;Sensor9;PM10;56.65290157763;
2017-12-24T05:01:19.4640000;Sensor0;O3;144.632829899718;
2017-12-24T05:01:19.4640000;Sensor0;NO2;346.119714035321;
2017-12-24T05:01:19.4640000;Sensor0;SO2;288.39181215768;
2017-12-24T05:01:19.4640000;Sensor0;PM10;46.0082716424598;
2017-12-24T05:00:46.1950000;Sensor1;O3;143.862318073483;
2017-12-24T05:00:46.1950000;Sensor1;NO2;223.705039286746;
2017-12-24T05:00:46.1950000;Sensor1;SO2;175.853329172388;
2017-12-24T05:00:46.1950000;Sensor1;PM10;54.9611137089393;
2017-12-24T05:00:06.4100000;Sensor2;O3;138.949506430273;
2017-12-24T05:00:06.4100000;Sensor2;NO2;241.878763790847;
2017-12-24T05:00:06.4100000;Sensor2;SO2;228.110335761563;
2017-12-24T05:00:06.4100000;Sensor2;PM10;52.5053716107355;
2017-12-24T05:00:24.2700000;Sensor3;O3;145.501046847718;
2017-12-24T05:00:24.2700000;Sensor3;NO2;286.043273362854;
2017-12-24T05:00:24.2700000;Sensor3;SO2;256.223624351711;
2017-12-24T05:00:24.2700000;Sensor3;PM10;55.7076337501828;
2017-12-24T05:00:53.3650000;Sensor4;O3;119.49581216883;
2017-12-24T05:00:53.3650000;Sensor4;NO2;272.827659549514;
2017-12-24T05:00:53.3650000;Sensor4;SO2;274.901195281991;
2017-12-24T05:00:53.3650000;Sensor4;PM10;48.6727307139173;
2017-12-24T05:00:34.2690000;Sensor5;O3;166.435499289088;
2017-12-24T05:00:34.2690000;Sensor5;NO2;300.540370399703;
2017-12-24T05:00:34.2690000;Sensor5;SO2;278.208806894659;
2017-12-24T05:00:34.2690000;Sensor5;PM10;52.6904781204726;
2017-12-24T05:00:55.2650000;Sensor6;O3;123.9151179635;
2017-12-24T05:00:55.2650000;Sensor6;NO2;301.928894964963;
2017-12-24T05:00:55.2650000;Sensor6;SO2;267.52104194765;
2017-12-24T05:00:55.2650000;Sensor6;PM10;56.9053768247734;
2017-12-24T05:00:48.5510000;Sensor7;O3;150.904103230345;
2017-12-24T05:00:48.5510000;Sensor7;NO2;311.903463058365;
2017-12-24T05:00:48.5510000;Sensor7;SO2;217.914410525883;
2017-12-24T05:00:48.5510000;Sensor7;PM10;59.8313703252649;
2017-12-24T05:00:36.0800000;Sensor8;O3;131.15351861902;
2017-12-24T05:00:36.0800000;Sensor8;NO2;311.261476349342;
2017-12-24T05:00:36.0800000;Sensor8;SO2;288.14172267122;
2017-12-24T05:00:36.0800000;Sensor8;PM10;53.019915961739;
2017-12-24T05:00:37.5460000;Sensor9;O3;177.560026128049;
2017-12-24T05:00:37.5460000;Sensor9;NO2;336.077887780932;
2017-12-24T05:00:37.5460000;Sensor9;SO2;266.422839075699;
2017-12-24T05:00:37.5460000;Sensor9;PM10;59.3111191657385;
2017-12-24T05:31:12.7710000;Sensor0;O3;144.158716799332;
2017-12-24T05:31:12.7710000;Sensor0;NO2;356.078235198343;
2017-12-24T05:31:12.7710000;Sensor0;SO2;289.373249008415;
2017-12-24T05:31:12.7710000;Sensor0;PM10;49.022142103467;
2017-12-24T05:30:36.1480000;Sensor1;O3;147.241988453964;
2017-12-24T05:30:36.1480000;Sensor1;NO2;249.935110021174;
2017-12-24T05:30:36.1480000;Sensor1;SO2;200.030927964675;
2017-12-24T05:30:36.1480000;Sensor1;PM10;55.6956962056288;
2017-12-24T05:31:06.6470000;Sensor2;O3;144.439312407838;
2017-12-24T05:31:06.6470000;Sensor2;NO2;247.314683665211;
2017-12-24T05:31:06.6470000;Sensor2;SO2;216.486325232553;
2017-12-24T05:31:06.6470000;Sensor2;PM10;54.7360462322502;
2017-12-24T05:30:05.2900000;Sensor3;O3;136.258047970155;
2017-12-24T05:30:05.2900000;Sensor3;NO2;307.102305475492;
2017-12-24T05:30:05.2900000;Sensor3;SO2;265.970535751151;
2017-12-24T05:30:05.2900000;Sensor3;PM10;51.6454563850337;
2017-12-24T05:30:56.5340000;Sensor4;O3;133.980336850901;
2017-12-24T05:30:56.5340000;Sensor4;NO2;270.021496640725;
2017-12-24T05:30:56.5340000;Sensor4;SO2;258.764597415192;
2017-12-24T05:30:56.5340000;Sensor4;PM10;44.5721325769349;
2017-12-24T05:30:19.1240000;Sensor5;O3;169.378879988021;
2017-12-24T05:30:19.1240000;Sensor5;NO2;287.352144765909;
2017-12-24T05:30:19.1240000;Sensor5;SO2;254.865050120285;
2017-12-24T05:30:19.1240000;Sensor5;PM10;53.8938243600834;
2017-12-24T05:30:35.7090000;Sensor6;O3;119.209107660867;
2017-12-24T05:30:35.7090000;Sensor6;NO2;301.777969464149;
2017-12-24T05:30:35.7090000;Sensor6;SO2;275.592535803658;
2017-12-24T05:30:35.7090000;Sensor6;PM10;54.3146796216849;
2017-12-24T05:30:13.4400000;Sensor7;O3;144.0856736792;
2017-12-24T05:30:13.4400000;Sensor7;NO2;291.238869278298;
2017-12-24T05:30:13.4400000;Sensor7;SO2;234.170621073705;
2017-12-24T05:30:13.4400000;Sensor7;PM10;62.9055008843809;
2017-12-24T05:31:24.2400000;Sensor8;O3;140.715417856708;
2017-12-24T05:31:24.2400000;Sensor8;NO2;331.224550817178;
2017-12-24T05:31:24.2400000;Sensor8;SO2;269.805773331378;
2017-12-24T05:31:24.2400000;Sensor8;PM10;54.0209365553865;
2017-12-24T05:31:06.2790000;Sensor9;O3;185.354612943279;
2017-12-24T05:31:06.2790000;Sensor9;NO2;339.239391507164;
2017-12-24T05:31:06.2790000;Sensor9;SO2;248.261132161329;
2017-12-24T05:31:06.2790000;Sensor9;PM10;61.6286306182613;
2017-12-24T06:00:24.3980000;Sensor0;O3;134.358190091862;
2017-12-24T06:00:24.3980000;Sensor0;NO2;367.637103442722;
2017-12-24T06:00:24.3980000;Sensor0;SO2;299.954707249483;
2017-12-24T06:00:24.3980000;Sensor0;PM10;46.6635259416274;
2017-12-24T06:01:19.1230000;Sensor1;O3;135.532503323518;
2017-12-24T06:01:19.1230000;Sensor1;NO2;258.012382231243;
2017-12-24T06:01:19.1230000;Sensor1;SO2;207.424194647905;
2017-12-24T06:01:19.1230000;Sensor1;PM10;55.8972147934117;
2017-12-24T06:01:06.5040000;Sensor2;O3;140.699715647562;
2017-12-24T06:01:06.5040000;Sensor2;NO2;269.06087956052;
2017-12-24T06:01:06.5040000;Sensor2;SO2;207.003066766556;
2017-12-24T06:01:06.5040000;Sensor2;PM10;51.8841347666736;
2017-12-24T06:00:45.0020000;Sensor3;O3;128.343954059731;
2017-12-24T06:00:45.0020000;Sensor3;NO2;322.284360720662;
2017-12-24T06:00:45.0020000;Sensor3;SO2;283.446639954543;
2017-12-24T06:00:45.0020000;Sensor3;PM10;52.5967240022698;
2017-12-24T06:01:12.5200000;Sensor4;O3;121.939541996793;
2017-12-24T06:01:12.5200000;Sensor4;NO2;249.257120104255;
2017-12-24T06:01:12.5200000;Sensor4;SO2;271.168326501797;
2017-12-24T06:01:12.5200000;Sensor4;PM10;42.1041292719197;
2017-12-24T06:01:15.6340000;Sensor5;O3;155.198794164005;
2017-12-24T06:01:15.6340000;Sensor5;NO2;273.795070844763;
2017-12-24T06:01:15.6340000;Sensor5;SO2;256.899400680976;
2017-12-24T06:01:15.6340000;Sensor5;PM10;51.7146319635447;
2017-12-24T06:00:30.1330000;Sensor6;O3;109.588777200116;
2017-12-24T06:00:30.1330000;Sensor6;NO2;281.206973404392;
2017-12-24T06:00:30.1330000;Sensor6;SO2;259.39401042688;
2017-12-24T06:00:30.1330000;Sensor6;PM10;52.9059307894454;
2017-12-24T06:00:24.8030000;Sensor7;O3;142.853895316662;
2017-12-24T06:00:24.8030000;Sensor7;NO2;302.33947814971;
2017-12-24T06:00:24.8030000;Sensor7;SO2;234.784260316785;
2017-12-24T06:00:24.8030000;Sensor7;PM10;60.8680207377583;
2017-12-24T06:00:07.9090000;Sensor8;O3;146.696636778987;
2017-12-24T06:00:07.9090000;Sensor8;NO2;332.655473261195;
2017-12-24T06:00:07.9090000;Sensor8;SO2;255.020768773592;
2017-12-24T06:00:07.9090000;Sensor8;PM10;50.9056888792974;
2017-12-24T06:00:53.2490000;Sensor9;O3;195.147192764506;
2017-12-24T06:00:53.2490000;Sensor9;NO2;344.422239276297;
2017-12-24T06:00:53.2490000;Sensor9;SO2;268.384772817428;
2017-12-24T06:00:53.2490000;Sensor9;PM10;57.3013574912599;
2017-12-24T06:30:51.5180000;Sensor0;O3;124.529993220729;
2017-12-24T06:30:51.5180000;Sensor0;NO2;372.488749528232;
2017-12-24T06:30:51.5180000;Sensor0;SO2;295.967648603573;
2017-12-24T06:30:51.5180000;Sensor0;PM10;42.8055759214928;
2017-12-24T06:30:23.9380000;Sensor1;O3;124.624661716597;
2017-12-24T06:30:23.9380000;Sensor1;NO2;235.372987941592;
2017-12-24T06:30:23.9380000;Sensor1;SO2;217.53552318458;
2017-12-24T06:30:23.9380000;Sensor1;PM10;54.3647016616619;
2017-12-24T06:31:15.1040000;Sensor2;O3;150.574785698002;
2017-12-24T06:31:15.1040000;Sensor2;NO2;245.154764762878;
2017-12-24T06:31:15.1040000;Sensor2;SO2;200.161271741362;
2017-12-24T06:31:15.1040000;Sensor2;PM10;49.3883753934125;
2017-12-24T06:31:02.4890000;Sensor3;O3;122.635889294426;
2017-12-24T06:31:02.4890000;Sensor3;NO2;326.588721611757;
2017-12-24T06:31:02.4890000;Sensor3;SO2;295.685879028797;
2017-12-24T06:31:02.4890000;Sensor3;PM10;56.524854552519;
2017-12-24T06:30:05.8410000;Sensor4;O3;123.811422862864;
2017-12-24T06:30:05.8410000;Sensor4;NO2;243.415575537983;
2017-12-24T06:30:05.8410000;Sensor4;SO2;269.765895513525;
2017-12-24T06:30:05.8410000;Sensor4;PM10;43.1239258752195;
2017-12-24T06:30:10.5670000;Sensor5;O3;152.730653295007;
2017-12-24T06:30:10.5670000;Sensor5;NO2;295.541745032027;
2017-12-24T06:30:10.5670000;Sensor5;SO2;260.493960325962;
2017-12-24T06:30:10.5670000;Sensor5;PM10;52.3095829115487;
2017-12-24T06:31:17.7120000;Sensor6;O3;110.105486312836;
2017-12-24T06:31:17.7120000;Sensor6;NO2;271.52260458392;
2017-12-24T06:31:17.7120000;Sensor6;SO2;254.639989040951;
2017-12-24T06:31:17.7120000;Sensor6;PM10;54.7035979698927;
2017-12-24T06:30:22.2590000;Sensor7;O3;139.220165506143;
2017-12-24T06:30:22.2590000;Sensor7;NO2;308.325029066414;
2017-12-24T06:30:22.2590000;Sensor7;SO2;220.374634656928;
2017-12-24T06:30:22.2590000;Sensor7;PM10;56.4454851552179;
2017-12-24T06:30:20.1390000;Sensor8;O3;144.81935972351;
2017-12-24T06:30:20.1390000;Sensor8;NO2;305.229248110381;
2017-12-24T06:30:20.1390000;Sensor8;SO2;235.993680796607;
2017-12-24T06:30:20.1390000;Sensor8;PM10;51.4637816715017;
2017-12-24T06:30:23.1110000;Sensor9;O3;195.903085932147;
2017-12-24T06:30:23.1110000;Sensor9;NO2;330.281373152458;
2017-12-24T06:30:23.1110000;Sensor9;SO2;288.078594824182;
2017-12-24T06:30:23.1110000;Sensor9;PM10;56.6668197155825;
2017-12-24T07:00:33.5820000;Sensor0;O3;123.05061435661;
2017-12-24T07:00:33.5820000;Sensor0;NO2;383.585844411304;
2017-12-24T07:00:33.5820000;Sensor0;SO2;313.660624103554;
2017-12-24T07:00:33.5820000;Sensor0;PM10;39.5994460359987;
2017-12-24T07:00:08.7590000;Sensor1;O3;134.544961521613;
2017-12-24T07:00:08.7590000;Sensor1;NO2;224.34956245839;
2017-12-24T07:00:08.7590000;Sensor1;SO2;242.25843949538;
2017-12-24T07:00:08.7590000;Sensor1;PM10;57.8301543861229;
2017-12-24T07:01:15.5240000;Sensor2;O3;142.25362356137;
2017-12-24T07:01:15.5240000;Sensor2;NO2;245.890838594807;
2017-12-24T07:01:15.5240000;Sensor2;SO2;184.451460364273;
2017-12-24T07:01:15.5240000;Sensor2;PM10;49.6887752083165;
2017-12-24T07:00:40.5220000;Sensor3;O3;126.213174632461;
2017-12-24T07:00:40.5220000;Sensor3;NO2;329.405554789639;
2017-12-24T07:00:40.5220000;Sensor3;SO2;293.200069355051;
2017-12-24T07:00:40.5220000;Sensor3;PM10;60.4497317889717;
2017-12-24T07:00:31.6240000;Sensor4;O3;129.052654650299;
2017-12-24T07:00:31.6240000;Sensor4;NO2;246.568548384773;
2017-12-24T07:00:31.6240000;Sensor4;SO2;277.694234387047;
2017-12-24T07:00:31.6240000;Sensor4;PM10;45.8789673303427;
2017-12-24T07:00:58.0270000;Sensor5;O3;150.39575147023;
2017-12-24T07:00:58.0270000;Sensor5;NO2;280.504565360311;
2017-12-24T07:00:58.0270000;Sensor5;SO2;279.5870582657;
2017-12-24T07:00:58.0270000;Sensor5;PM10;50.0671552870996;
2017-12-24T07:00:39.5290000;Sensor6;O3;103.15161379785;
2017-12-24T07:00:39.5290000;Sensor6;NO2;295.110395897618;
2017-12-24T07:00:39.5290000;Sensor6;SO2;235.566567035572;
2017-12-24T07:00:39.5290000;Sensor6;PM10;51.6347104976483;
2017-12-24T07:00:45.2350000;Sensor7;O3;141.83598508004;
2017-12-24T07:00:45.2350000;Sensor7;NO2;297.2018865563;
2017-12-24T07:00:45.2350000;Sensor7;SO2;215.741398713241;
2017-12-24T07:00:45.2350000;Sensor7;PM10;57.0366145706617;
2017-12-24T07:00:42.1350000;Sensor8;O3;135.819891892988;
2017-12-24T07:00:42.1350000;Sensor8;NO2;312.098899655745;
2017-12-24T07:00:42.1350000;Sensor8;SO2;224.890161624615;
2017-12-24T07:00:42.1350000;Sensor8;PM10;49.3584285856912;
2017-12-24T07:00:02.4260000;Sensor9;O3;205.313787275742;
2017-12-24T07:00:02.4260000;Sensor9;NO2;354.63242838316;
2017-12-24T07:00:02.4260000;Sensor9;SO2;287.549534771072;
2017-12-24T07:00:02.4260000;Sensor9;PM10;52.6080535955809;
2017-12-24T07:31:04.5150000;Sensor0;O3;114.107383444585;
2017-12-24T07:31:04.5150000;Sensor0;NO2;391.156435353272;
2017-12-24T07:31:04.5150000;Sensor0;SO2;329.375503196342;
2017-12-24T07:31:04.5150000;Sensor0;PM10;37.3798564811677;
2017-12-24T07:31:09.1420000;Sensor1;O3;146.787027500474;
2017-12-24T07:31:09.1420000;Sensor1;NO2;209.970842734473;
2017-12-24T07:31:09.1420000;Sensor1;SO2;231.457078604481;
2017-12-24T07:31:09.1420000;Sensor1;PM10;56.487703793183;
2017-12-24T07:31:00.6450000;Sensor2;O3;144.656164623991;
2017-12-24T07:31:00.6450000;Sensor2;NO2;237.127458943522;
2017-12-24T07:31:00.6450000;Sensor2;SO2;199.617073730279;
2017-12-24T07:31:00.6450000;Sensor2;PM10;49.5865192873335;
2017-12-24T07:31:05.4400000;Sensor3;O3;123.24359945476;
2017-12-24T07:31:05.4400000;Sensor3;NO2;317.591664402942;
2017-12-24T07:31:05.4400000;Sensor3;SO2;304.965896478897;
2017-12-24T07:31:05.4400000;Sensor3;PM10;55.1753548029157;
2017-12-24T07:31:20.1240000;Sensor4;O3;123.593394889839;
2017-12-24T07:31:20.1240000;Sensor4;NO2;238.178956662231;
2017-12-24T07:31:20.1240000;Sensor4;SO2;293.685888442052;
2017-12-24T07:31:20.1240000;Sensor4;PM10;46.5156260430497;
2017-12-24T07:30:17.8760000;Sensor5;O3;163.184070879296;
2017-12-24T07:30:17.8760000;Sensor5;NO2;267.865269688196;
2017-12-24T07:30:17.8760000;Sensor5;SO2;273.756701558303;
2017-12-24T07:30:17.8760000;Sensor5;PM10;51.9458930888621;
2017-12-24T07:30:58.2010000;Sensor6;O3;105.408307350533;
2017-12-24T07:30:58.2010000;Sensor6;NO2;303.86600059376;
2017-12-24T07:30:58.2010000;Sensor6;SO2;251.461976912816;
2017-12-24T07:30:58.2010000;Sensor6;PM10;52.0278467113109;
2017-12-24T07:30:32.1260000;Sensor7;O3;138.049233369265;
2017-12-24T07:30:32.1260000;Sensor7;NO2;319.925274695321;
2017-12-24T07:30:32.1260000;Sensor7;SO2;238.756957222718;
2017-12-24T07:30:32.1260000;Sensor7;PM10;55.8624590036656;
2017-12-24T07:30:54.4730000;Sensor8;O3;135.736479727386;
2017-12-24T07:30:54.4730000;Sensor8;NO2;287.16611767073;
2017-12-24T07:30:54.4730000;Sensor8;SO2;245.726787836692;
2017-12-24T07:30:54.4730000;Sensor8;PM10;53.5589767824453;
2017-12-24T07:31:21.5300000;Sensor9;O3;211.292386829986;
2017-12-24T07:31:21.5300000;Sensor9;NO2;373.235622733871;
2017-12-24T07:31:21.5300000;Sensor9;SO2;295.139137929809;
2017-12-24T07:31:21.5300000;Sensor9;PM10;52.879499845197;
2017-12-24T08:01:04.3620000;Sensor0;O3;121.888023171777;
2017-12-24T08:01:04.3620000;Sensor0;NO2;363.868939360189;
2017-12-24T08:01:04.3620000;Sensor0;SO2;323.986912862875;
2017-12-24T08:01:04.3620000;Sensor0;PM10;36.0720636620245;
2017-12-24T08:00:43.8150000;Sensor1;O3;155.945802691878;
2017-12-24T08:00:43.8150000;Sensor1;NO2;238.386168847924;
2017-12-24T08:00:43.8150000;Sensor1;SO2;230.607637665312;
2017-12-24T08:00:43.8150000;Sensor1;PM10;60.0180535486053;
2017-12-24T08:01:11.8220000;Sensor2;O3;149.548470640497;
2017-12-24T08:01:11.8220000;Sensor2;NO2;252.628588504484;
2017-12-24T08:01:11.8220000;Sensor2;SO2;205.995259224167;
2017-12-24T08:01:11.8220000;Sensor2;PM10;52.2054886354916;
2017-12-24T08:00:22.2530000;Sensor3;O3;136.855140547291;
2017-12-24T08:00:22.2530000;Sensor3;NO2;312.082819603434;
2017-12-24T08:00:22.2530000;Sensor3;SO2;283.739647994512;
2017-12-24T08:00:22.2530000;Sensor3;PM10;51.3292555752915;
2017-12-24T08:00:35.3850000;Sensor4;O3;123.263838048488;
2017-12-24T08:00:35.3850000;Sensor4;NO2;238.049752397936;
2017-12-24T08:00:35.3850000;Sensor4;SO2;285.352594133576;
2017-12-24T08:00:35.3850000;Sensor4;PM10;46.0965957018982;
2017-12-24T08:00:39.6530000;Sensor5;O3;152.902032469809;
2017-12-24T08:00:39.6530000;Sensor5;NO2;262.547643306347;
2017-12-24T08:00:39.6530000;Sensor5;SO2;292.122468256836;
2017-12-24T08:00:39.6530000;Sensor5;PM10;52.8865495295844;
2017-12-24T08:00:26.5530000;Sensor6;O3;96.8651413958909;
2017-12-24T08:00:26.5530000;Sensor6;NO2;303.171828680367;
2017-12-24T08:00:26.5530000;Sensor6;SO2;268.373008355064;
2017-12-24T08:00:26.5530000;Sensor6;PM10;56.3180221215536;
2017-12-24T08:01:28.2930000;Sensor7;O3;132.997326077758;
2017-12-24T08:01:28.2930000;Sensor7;NO2;296.95941664314;
2017-12-24T08:01:28.2930000;Sensor7;SO2;243.910451869043;
2017-12-24T08:01:28.2930000;Sensor7;PM10;51.4454904046968;
2017-12-24T08:00:47.8660000;Sensor8;O3;136.025163504014;
2017-12-24T08:00:47.8660000;Sensor8;NO2;286.571314442225;
2017-12-24T08:00:47.8660000;Sensor8;SO2;268.142969560933;
2017-12-24T08:00:47.8660000;Sensor8;PM10;54.5371054884828;
2017-12-24T08:01:24.9310000;Sensor9;O3;213.091480392198;
2017-12-24T08:01:24.9310000;Sensor9;NO2;367.860180742148;
2017-12-24T08:01:24.9310000;Sensor9;SO2;273.955319879108;
2017-12-24T08:01:24.9310000;Sensor9;PM10;54.5122201381179;
2017-12-24T08:31:29.6390000;Sensor0;O3;123.769220753274;
2017-12-24T08:31:29.6390000;Sensor0;NO2;373.834942187462;
2017-12-24T08:31:29.6390000;Sensor0;SO2;322.414816513697;
2017-12-24T08:31:29.6390000;Sensor0;PM10;34.2725062723527;
2017-12-24T08:30:28.3720000;Sensor1;O3;149.161235680454;
2017-12-24T08:30:28.3720000;Sensor1;NO2;257.493826059092;
2017-12-24T08:30:28.3720000;Sensor1;SO2;215.149629520855;
2017-12-24T08:30:28.3720000;Sensor1;PM10;61.7378060656481;
2017-12-24T08:30:28.7910000;Sensor2;O3;148.939324660633;
2017-12-24T08:30:28.7910000;Sensor2;NO2;279.808104794244;
2017-12-24T08:30:28.7910000;Sensor2;SO2;224.600022802843;
2017-12-24T08:30:28.7910000;Sensor2;PM10;53.4430444016841;
2017-12-24T08:31:08.3920000;Sensor3;O3;128.991625591387;
2017-12-24T08:31:08.3920000;Sensor3;NO2;327.589826619581;
2017-12-24T08:31:08.3920000;Sensor3;SO2;282.824973908024;
2017-12-24T08:31:08.3920000;Sensor3;PM10;53.9622299034405;
2017-12-24T08:31:27.5090000;Sensor4;O3;133.814410354256;
2017-12-24T08:31:27.5090000;Sensor4;NO2;262.087037962633;
2017-12-24T08:31:27.5090000;Sensor4;SO2;262.602189310126;
2017-12-24T08:31:27.5090000;Sensor4;PM10;47.3317916734745;
2017-12-24T08:31:23.7120000;Sensor5;O3;164.42517756859;
2017-12-24T08:31:23.7120000;Sensor5;NO2;261.042581695858;
2017-12-24T08:31:23.7120000;Sensor5;SO2;300.1502155339;
2017-12-24T08:31:23.7120000;Sensor5;PM10;52.4003338063129;
2017-12-24T08:31:00.3280000;Sensor6;O3;105.607289265582;
2017-12-24T08:31:00.3280000;Sensor6;NO2;287.868099913183;
2017-12-24T08:31:00.3280000;Sensor6;SO2;255.028463950561;
2017-12-24T08:31:00.3280000;Sensor6;PM10;56.8976745221121;
2017-12-24T08:31:13.7780000;Sensor7;O3;127.696296126996;
2017-12-24T08:31:13.7780000;Sensor7;NO2;317.981059304685;
2017-12-24T08:31:13.7780000;Sensor7;SO2;254.10937996271;
2017-12-24T08:31:13.7780000;Sensor7;PM10;52.9227826000093;
2017-12-24T08:31:03.8980000;Sensor8;O3;138.040426283404;
2017-12-24T08:31:03.8980000;Sensor8;NO2;314.575502077459;
2017-12-24T08:31:03.8980000;Sensor8;SO2;280.199857978295;
2017-12-24T08:31:03.8980000;Sensor8;PM10;56.4233943325961;
2017-12-24T08:30:05.0120000;Sensor9;O3;208.547742849668;
2017-12-24T08:30:05.0120000;Sensor9;NO2;369.677081751921;
2017-12-24T08:30:05.0120000;Sensor9;SO2;263.887725025125;
2017-12-24T08:30:05.0120000;Sensor9;PM10;57.5862948874254;
2017-12-24T09:01:09.8240000;Sensor0;O3;138.858606832413;
2017-12-24T09:01:09.8240000;Sensor0;NO2;393.094663913433;
2017-12-24T09:01:09.8240000;Sensor0;SO2;307.709585325856;
2017-12-24T09:01:09.8240000;Sensor0;PM10;37.8483819238569;
2017-12-24T09:00:17.8430000;Sensor1;O3;152.99669150618;
2017-12-24T09:00:17.8430000;Sensor1;NO2;273.301405614578;
2017-12-24T09:00:17.8430000;Sensor1;SO2;196.342853753117;
2017-12-24T09:00:17.8430000;Sensor1;PM10;58.2401784990748;
2017-12-24T09:00:34.4750000;Sensor2;O3;158.882984488824;
2017-12-24T09:00:34.4750000;Sensor2;NO2;308.194383649797;
2017-12-24T09:00:34.4750000;Sensor2;SO2;233.534444839702;
2017-12-24T09:00:34.4750000;Sensor2;PM10;49.6667675475611;
2017-12-24T09:01:00.8820000;Sensor3;O3;124.1226104232;
2017-12-24T09:01:00.8820000;Sensor3;NO2;334.691082727365;
2017-12-24T09:01:00.8820000;Sensor3;SO2;265.94785500285;
2017-12-24T09:01:00.8820000;Sensor3;PM10;56.6786379619583;
2017-12-24T09:00:45.9860000;Sensor4;O3;129.491076055894;
2017-12-24T09:00:45.9860000;Sensor4;NO2;243.291989393467;
2017-12-24T09:00:45.9860000;Sensor4;SO2;278.29287303443;
2017-12-24T09:00:45.9860000;Sensor4;PM10;43.8738063190549;
2017-12-24T09:00:40.0510000;Sensor5;O3;171.478474534812;
2017-12-24T09:00:40.0510000;Sensor5;NO2;239.269383635081;
2017-12-24T09:00:40.0510000;Sensor5;SO2;287.288080231453;
2017-12-24T09:00:40.0510000;Sensor5;PM10;52.5562302269592;
2017-12-24T09:00:34.7790000;Sensor6;O3;103.800588662489;
2017-12-24T09:00:34.7790000;Sensor6;NO2;266.25625754004;
2017-12-24T09:00:34.7790000;Sensor6;SO2;271.734283264331;
2017-12-24T09:00:34.7790000;Sensor6;PM10;58.0847543717013;
2017-12-24T09:01:03.4020000;Sensor7;O3;134.285980785989;
2017-12-24T09:01:03.4020000;Sensor7;NO2;338.350243377387;
2017-12-24T09:01:03.4020000;Sensor7;SO2;254.058284303466;
2017-12-24T09:01:03.4020000;Sensor7;PM10;52.0087715384236;
2017-12-24T09:00:16.3730000;Sensor8;O3;139.945605351699;
2017-12-24T09:00:16.3730000;Sensor8;NO2;333.092944673076;
2017-12-24T09:00:16.3730000;Sensor8;SO2;276.525247865055;
2017-12-24T09:00:16.3730000;Sensor8;PM10;53.9658593085192;
2017-12-24T09:01:16.4020000;Sensor9;O3;204.331081497393;
2017-12-24T09:01:16.4020000;Sensor9;NO2;354.903072518096;
2017-12-24T09:01:16.4020000;Sensor9;SO2;270.920545215592;
2017-12-24T09:01:16.4020000;Sensor9;PM10;53.0456938782605;
2017-12-24T09:31:12.3820000;Sensor0;O3;149.894964895081;
2017-12-24T09:31:12.3820000;Sensor0;NO2;382.016430167514;
2017-12-24T09:31:12.3820000;Sensor0;SO2;301.917639728016;
2017-12-24T09:31:12.3820000;Sensor0;PM10;37.792258514288;
2017-12-24T09:30:43.9470000;Sensor1;O3;162.913511894064;
2017-12-24T09:30:43.9470000;Sensor1;NO2;254.224207725997;
2017-12-24T09:30:43.9470000;Sensor1;SO2;188.874186100393;
2017-12-24T09:30:43.9470000;Sensor1;PM10;55.5916051660897;
2017-12-24T09:30:35.2400000;Sensor2;O3;160.855672103456;
2017-12-24T09:30:35.2400000;Sensor2;NO2;302.083724092639;
2017-12-24T09:30:35.2400000;Sensor2;SO2;233.913052027786;
2017-12-24T09:30:35.2400000;Sensor2;PM10;52.8444246583138;
2017-12-24T09:30:08.7550000;Sensor3;O3;134.04334273622;
2017-12-24T09:30:08.7550000;Sensor3;NO2;310.219729799685;
2017-12-24T09:30:08.7550000;Sensor3;SO2;284.779950081712;
2017-12-24T09:30:08.7550000;Sensor3;PM10;55.2948365700699;
2017-12-24T09:30:00.8270000;Sensor4;O3;127.211107022552;
2017-12-24T09:30:00.8270000;Sensor4;NO2;230.396976771512;
2017-12-24T09:30:00.8270000;Sensor4;SO2;287.796553789325;
2017-12-24T09:30:00.8270000;Sensor4;PM10;45.8535134674873;
2017-12-24T09:31:28.2870000;Sensor5;O3;167.446253918707;
2017-12-24T09:31:28.2870000;Sensor5;NO2;250.936396724856;
2017-12-24T09:31:28.2870000;Sensor5;SO2;287.375269750295;
2017-12-24T09:31:28.2870000;Sensor5;PM10;49.9967965658747;
2017-12-24T09:31:21.4020000;Sensor6;O3;106.948712793819;
2017-12-24T09:31:21.4020000;Sensor6;NO2;261.327407443945;
2017-12-24T09:31:21.4020000;Sensor6;SO2;257.982830992475;
2017-12-24T09:31:21.4020000;Sensor6;PM10;59.5034849189451;
2017-12-24T09:30:46.7010000;Sensor7;O3;144.816031285208;
2017-12-24T09:30:46.7010000;Sensor7;NO2;340.076586098449;
2017-12-24T09:30:46.7010000;Sensor7;SO2;253.929108849427;
2017-12-24T09:30:46.7010000;Sensor7;PM10;49.2012020215075;
2017-12-24T09:31:14.7780000;Sensor8;O3;142.537524224801;
2017-12-24T09:31:14.7780000;Sensor8;NO2;339.631501758853;
2017-12-24T09:31:14.7780000;Sensor8;SO2;261.206404289127;
2017-12-24T09:31:14.7780000;Sensor8;PM10;49.3974725274221;
2017-12-24T09:30:52.1980000;Sensor9;O3;189.25633152255;
2017-12-24T09:30:52.1980000;Sensor9;NO2;343.823558829078;
2017-12-24T09:30:52.1980000;Sensor9;SO2;275.079965459943;
2017-12-24T09:30:52.1980000;Sensor9;PM10;50.0109193856508;
2017-12-24T10:00:06.4270000;Sensor0;O3;148.032819696729;
2017-12-24T10:00:06.4270000;Sensor0;NO2;369.055109164599;
2017-12-24T10:00:06.4270000;Sensor0;SO2;286.6491846495;
2017-12-24T10:00:06.4270000;Sensor0;PM10;34.9675708243346;
2017-12-24T10:00:41.0590000;Sensor1;O3;167.151839926038;
2017-12-24T10:00:41.0590000;Sensor1;NO2;268.552376032941;
2017-12-24T10:00:41.0590000;Sensor1;SO2;209.498829090408;
2017-12-24T10:00:41.0590000;Sensor1;PM10;54.0954718299224;
2017-12-24T10:00:05.8100000;Sensor2;O3;153.34865209056;
2017-12-24T10:00:05.8100000;Sensor2;NO2;303.490261076374;
2017-12-24T10:00:05.8100000;Sensor2;SO2;257.391430006896;
2017-12-24T10:00:05.8100000;Sensor2;PM10;51.554879497721;
2017-12-24T10:01:23.7110000;Sensor3;O3;128.636047488226;
2017-12-24T10:01:23.7110000;Sensor3;NO2;290.782950599019;
2017-12-24T10:01:23.7110000;Sensor3;SO2;292.458606615348;
2017-12-24T10:01:23.7110000;Sensor3;PM10;53.2435729914813;
2017-12-24T10:00:23.7200000;Sensor4;O3;120.608339039764;
2017-12-24T10:00:23.7200000;Sensor4;NO2;242.391922097015;
2017-12-24T10:00:23.7200000;Sensor4;SO2;295.039900409259;
2017-12-24T10:00:23.7200000;Sensor4;PM10;46.9913957177466;
2017-12-24T10:00:40.2900000;Sensor5;O3;170.578674506171;
2017-12-24T10:00:40.2900000;Sensor5;NO2;280.108114142247;
2017-12-24T10:00:40.2900000;Sensor5;SO2;294.365275932634;
2017-12-24T10:00:40.2900000;Sensor5;PM10;46.1473272513784;
2017-12-24T10:01:16.7350000;Sensor6;O3;98.1906331569444;
2017-12-24T10:01:16.7350000;Sensor6;NO2;290.988327325265;
2017-12-24T10:01:16.7350000;Sensor6;SO2;251.796327505973;
2017-12-24T10:01:16.7350000;Sensor6;PM10;55.6632762072842;
2017-12-24T10:00:42.5780000;Sensor7;O3;133.351756126498;
2017-12-24T10:00:42.5780000;Sensor7;NO2;313.822473348208;
2017-12-24T10:00:42.5780000;Sensor7;SO2;238.7414479222;
2017-12-24T10:00:42.5780000;Sensor7;PM10;47.2802011024964;
2017-12-24T10:01:13.8410000;Sensor8;O3;133.597704452202;
2017-12-24T10:01:13.8410000;Sensor8;NO2;350.432792737176;
2017-12-24T10:01:13.8410000;Sensor8;SO2;242.639154987187;
2017-12-24T10:01:13.8410000;Sensor8;PM10;46.2404426088367;
2017-12-24T10:00:51.2940000;Sensor9;O3;172.931110247678;
2017-12-24T10:00:51.2940000;Sensor9;NO2;350.240219013618;
2017-12-24T10:00:51.2940000;Sensor9;SO2;287.774589424574;
2017-12-24T10:00:51.2940000;Sensor9;PM10;46.4373691275045;
2017-12-24T10:30:29.8290000;Sensor0;O3;160.96631358593;
2017-12-24T10:30:29.8290000;Sensor0;NO2;370.953209749348;
2017-12-24T10:30:29.8290000;Sensor0;SO2;274.501029851861;
2017-12-24T10:30:29.8290000;Sensor0;PM10;40.2712478958033;
2017-12-24T10:31:20.0530000;Sensor1;O3;174.523552663415;
2017-12-24T10:31:20.0530000;Sensor1;NO2;280.363419957686;
2017-12-24T10:31:20.0530000;Sensor1;SO2;221.55471215152;
2017-12-24T10:31:20.0530000;Sensor1;PM10;54.8098781831048;
2017-12-24T10:31:10.4880000;Sensor2;O3;159.737181544846;
2017-12-24T10:31:10.4880000;Sensor2;NO2;328.1471149599;
2017-12-24T10:31:10.4880000;Sensor2;SO2;268.308762593404;
2017-12-24T10:31:10.4880000;Sensor2;PM10;51.76566588665;
2017-12-24T10:30:02.6270000;Sensor3;O3;124.62183307042;
2017-12-24T10:30:02.6270000;Sensor3;NO2;272.497053248617;
2017-12-24T10:30:02.6270000;Sensor3;SO2;302.768666408919;
2017-12-24T10:30:02.6270000;Sensor3;PM10;56.7078033121115;
2017-12-24T10:31:18.0980000;Sensor4;O3;114.091437498457;
2017-12-24T10:31:18.0980000;Sensor4;NO2;274.190597562055;
2017-12-24T10:31:18.0980000;Sensor4;SO2;289.026656043852;
2017-12-24T10:31:18.0980000;Sensor4;PM10;47.3272614458858;
2017-12-24T10:30:10.4600000;Sensor5;O3;166.467686637581;
2017-12-24T10:30:10.4600000;Sensor5;NO2;281.369320219379;
2017-12-24T10:30:10.4600000;Sensor5;SO2;294.343218983639;
2017-12-24T10:30:10.4600000;Sensor5;PM10;42.0772457839826;
2017-12-24T10:30:37.3860000;Sensor6;O3;116.055072865523;
2017-12-24T10:30:37.3860000;Sensor6;NO2;271.276687880341;
2017-12-24T10:30:37.3860000;Sensor6;SO2;257.156298189595;
2017-12-24T10:30:37.3860000;Sensor6;PM10;57.3765282124201;
2017-12-24T10:31:19.6440000;Sensor7;O3;131.741844568614;
2017-12-24T10:31:19.6440000;Sensor7;NO2;322.018080124543;
2017-12-24T10:31:19.6440000;Sensor7;SO2;237.345970800953;
2017-12-24T10:31:19.6440000;Sensor7;PM10;45.5559529383557;
2017-12-24T10:30:58.1060000;Sensor8;O3;132.313556314441;
2017-12-24T10:30:58.1060000;Sensor8;NO2;340.461183809308;
2017-12-24T10:30:58.1060000;Sensor8;SO2;245.771516358832;
2017-12-24T10:30:58.1060000;Sensor8;PM10;46.5595436044267;
2017-12-24T10:30:06.7540000;Sensor9;O3;162.377525664129;
2017-12-24T10:30:06.7540000;Sensor9;NO2;318.897216955128;
2017-12-24T10:30:06.7540000;Sensor9;SO2;287.758627939439;
2017-12-24T10:30:06.7540000;Sensor9;PM10;43.2840985028544;
2017-12-24T11:00:25.9510000;Sensor0;O3;170.411181225996;
2017-12-24T11:00:25.9510000;Sensor0;NO2;385.172345558087;
2017-12-24T11:00:25.9510000;Sensor0;SO2;291.180054090676;
2017-12-24T11:00:25.9510000;Sensor0;PM10;38.7853583800118;
2017-12-24T11:00:15.1530000;Sensor1;O3;185.404373000533;
2017-12-24T11:00:15.1530000;Sensor1;NO2;265.354123664179;
2017-12-24T11:00:15.1530000;Sensor1;SO2;237.739728159481;
2017-12-24T11:00:15.1530000;Sensor1;PM10;57.2531648637465;
2017-12-24T11:00:42.4460000;Sensor2;O3;154.420164090026;
2017-12-24T11:00:42.4460000;Sensor2;NO2;302.454348128337;
2017-12-24T11:00:42.4460000;Sensor2;SO2;274.392637558778;
2017-12-24T11:00:42.4460000;Sensor2;PM10;48.9154679579888;
2017-12-24T11:01:12.0780000;Sensor3;O3;130.250969097851;
2017-12-24T11:01:12.0780000;Sensor3;NO2;266.070816386394;
2017-12-24T11:01:12.0780000;Sensor3;SO2;275.693046475343;
2017-12-24T11:01:12.0780000;Sensor3;PM10;57.4961853058237;
2017-12-24T11:00:57.9340000;Sensor4;O3;120.309726357544;
2017-12-24T11:00:57.9340000;Sensor4;NO2;287.588601441723;
2017-12-24T11:00:57.9340000;Sensor4;SO2;286.778951663491;
2017-12-24T11:00:57.9340000;Sensor4;PM10;45.4600266317834;
2017-12-24T11:00:42.2560000;Sensor5;O3;172.111521926898;
2017-12-24T11:00:42.2560000;Sensor5;NO2;279.396036210537;
2017-12-24T11:00:42.2560000;Sensor5;SO2;311.233966765866;
2017-12-24T11:00:42.2560000;Sensor5;PM10;42.1776530410323;
2017-12-24T11:01:23.4070000;Sensor6;O3;116.652267129254;
2017-12-24T11:01:23.4070000;Sensor6;NO2;296.5117676444;
2017-12-24T11:01:23.4070000;Sensor6;SO2;255.17533364617;
2017-12-24T11:01:23.4070000;Sensor6;PM10;58.7552565837605;
2017-12-24T11:00:47.9280000;Sensor7;O3;122.585096710428;
2017-12-24T11:00:47.9280000;Sensor7;NO2;304.070612627449;
2017-12-24T11:00:47.9280000;Sensor7;SO2;233.143945174988;
2017-12-24T11:00:47.9280000;Sensor7;PM10;46.6574968939239;
2017-12-24T11:01:21.3800000;Sensor8;O3;125.558882888148;
2017-12-24T11:01:21.3800000;Sensor8;NO2;357.188920008551;
2017-12-24T11:01:21.3800000;Sensor8;SO2;252.061473165999;
2017-12-24T11:01:21.3800000;Sensor8;PM10;49.7042841392165;
2017-12-24T11:00:27.7310000;Sensor9;O3;156.407635606524;
2017-12-24T11:00:27.7310000;Sensor9;NO2;329.767236311536;
2017-12-24T11:00:27.7310000;Sensor9;SO2;277.510360555708;
2017-12-24T11:00:27.7310000;Sensor9;PM10;45.6822778988407;
2017-12-24T11:30:40.7910000;Sensor0;O3;178.186297109683;
2017-12-24T11:30:40.7910000;Sensor0;NO2;404.660585034872;
2017-12-24T11:30:40.7910000;Sensor0;SO2;306.590866161828;
2017-12-24T11:30:40.7910000;Sensor0;PM10;39.566709201797;
2017-12-24T11:31:01.2030000;Sensor1;O3;173.465387955708;
2017-12-24T11:31:01.2030000;Sensor1;NO2;260.340240986854;
2017-12-24T11:31:01.2030000;Sensor1;SO2;245.584471419984;
2017-12-24T11:31:01.2030000;Sensor1;PM10;59.0460666831419;
2017-12-24T11:30:36.5880000;Sensor2;O3;155.325692655538;
2017-12-24T11:30:36.5880000;Sensor2;NO2;287.603173500609;
2017-12-24T11:30:36.5880000;Sensor2;SO2;266.146148706293;
2017-12-24T11:30:36.5880000;Sensor2;PM10;52.5605409926608;
2017-12-24T11:30:05.6580000;Sensor3;O3;129.938945261622;
2017-12-24T11:30:05.6580000;Sensor3;NO2;274.890547074759;
2017-12-24T11:30:05.6580000;Sensor3;SO2;293.586286407284;
2017-12-24T11:30:05.6580000;Sensor3;PM10;58.3746825359043;
2017-12-24T11:31:02.7730000;Sensor4;O3;120.667420374486;
2017-12-24T11:31:02.7730000;Sensor4;NO2;313.486003225726;
2017-12-24T11:31:02.7730000;Sensor4;SO2;280.396516502406;
2017-12-24T11:31:02.7730000;Sensor4;PM10;48.1416005289415;
2017-12-24T11:30:40.5300000;Sensor5;O3;176.488608474265;
2017-12-24T11:30:40.5300000;Sensor5;NO2;257.961432078051;
2017-12-24T11:30:40.5300000;Sensor5;SO2;315.534829825725;
2017-12-24T11:30:40.5300000;Sensor5;PM10;47.068343398852;
2017-12-24T11:30:13.2440000;Sensor6;O3;106.89443919771;
2017-12-24T11:30:13.2440000;Sensor6;NO2;274.067968045822;
2017-12-24T11:30:13.2440000;Sensor6;SO2;243.961311068757;
2017-12-24T11:30:13.2440000;Sensor6;PM10;62.3100795264339;
2017-12-24T11:30:06.6260000;Sensor7;O3;122.609426088135;
2017-12-24T11:30:06.6260000;Sensor7;NO2;330.611809755588;
2017-12-24T11:30:06.6260000;Sensor7;SO2;257.264004805778;
2017-12-24T11:30:06.6260000;Sensor7;PM10;42.828590006638;
2017-12-24T11:30:31.7060000;Sensor8;O3;134.682339991205;
2017-12-24T11:30:31.7060000;Sensor8;NO2;355.240622992001;
2017-12-24T11:30:31.7060000;Sensor8;SO2;256.987545108168;
2017-12-24T11:30:31.7060000;Sensor8;PM10;46.7329961485717;
2017-12-24T11:30:32.0660000;Sensor9;O3;168.412981007163;
2017-12-24T11:30:32.0660000;Sensor9;NO2;327.429193899874;
2017-12-24T11:30:32.0660000;Sensor9;SO2;285.90984455435;
2017-12-24T11:30:32.0660000;Sensor9;PM10;48.3352202958676;
2017-12-24T12:01:19.6860000;Sensor0;O3;181.547979922555;
2017-12-24T12:01:19.6860000;Sensor0;NO2;410.731896122937;
2017-12-24T12:01:19.6860000;Sensor0;SO2;309.558006741194;
2017-12-24T12:01:19.6860000;Sensor0;PM10;45.0530807470826;
2017-12-24T12:00:03.5180000;Sensor1;O3;182.214665906432;
2017-12-24T12:00:03.5180000;Sensor1;NO2;267.550799254673;
2017-12-24T12:00:03.5180000;Sensor1;SO2;231.068818506417;
2017-12-24T12:00:03.5180000;Sensor1;PM10;53.8915538444943;
2017-12-24T12:01:25.1250000;Sensor2;O3;144.138615335113;
2017-12-24T12:01:25.1250000;Sensor2;NO2;295.99827242823;
2017-12-24T12:01:25.1250000;Sensor2;SO2;273.237923291155;
2017-12-24T12:01:25.1250000;Sensor2;PM10;53.4423055880782;
2017-12-24T12:00:33.7930000;Sensor3;O3;130.81413135426;
2017-12-24T12:00:33.7930000;Sensor3;NO2;302.710145056125;
2017-12-24T12:00:33.7930000;Sensor3;SO2;284.568416317131;
2017-12-24T12:00:33.7930000;Sensor3;PM10;60.4905292439234;
2017-12-24T12:00:58.8030000;Sensor4;O3;121.407365465973;
2017-12-24T12:00:58.8030000;Sensor4;NO2;318.162760443569;
2017-12-24T12:00:58.8030000;Sensor4;SO2;295.798749552896;
2017-12-24T12:00:58.8030000;Sensor4;PM10;46.6679095873284;
2017-12-24T12:01:24.9970000;Sensor5;O3;183.7501471703;
2017-12-24T12:01:24.9970000;Sensor5;NO2;253.14331131004;
2017-12-24T12:01:24.9970000;Sensor5;SO2;298.801807448926;
2017-12-24T12:01:24.9970000;Sensor5;PM10;46.3647061075915;
2017-12-24T12:00:43.9900000;Sensor6;O3;103.379952821218;
2017-12-24T12:00:43.9900000;Sensor6;NO2;267.309949978408;
2017-12-24T12:00:43.9900000;Sensor6;SO2;265.803031798291;
2017-12-24T12:00:43.9900000;Sensor6;PM10;57.3215011843141;
2017-12-24T12:00:38.6940000;Sensor7;O3;118.153447023802;
2017-12-24T12:00:38.6940000;Sensor7;NO2;322.606615870373;
2017-12-24T12:00:38.6940000;Sensor7;SO2;245.897922941156;
2017-12-24T12:00:38.6940000;Sensor7;PM10;47.4759617462865;
2017-12-24T12:00:15.7140000;Sensor8;O3;145.440720800984;
2017-12-24T12:00:15.7140000;Sensor8;NO2;367.757751246553;
2017-12-24T12:00:15.7140000;Sensor8;SO2;277.87344771866;
2017-12-24T12:00:15.7140000;Sensor8;PM10;43.3896625550381;
2017-12-24T12:00:22.0250000;Sensor9;O3;156.370190021925;
2017-12-24T12:00:22.0250000;Sensor9;NO2;345.187526259773;
2017-12-24T12:00:22.0250000;Sensor9;SO2;304.913359305645;
2017-12-24T12:00:22.0250000;Sensor9;PM10;51.1658986927944;
2017-12-24T12:31:20.1960000;Sensor0;O3;192.135742891292;
2017-12-24T12:31:20.1960000;Sensor0;NO2;379.827279319445;
2017-12-24T12:31:20.1960000;Sensor0;SO2;323.385433666557;
2017-12-24T12:31:20.1960000;Sensor0;PM10;41.8235739216108;
2017-12-24T12:30:41.0440000;Sensor1;O3;168.622390982236;
2017-12-24T12:30:41.0440000;Sensor1;NO2;291.56070031645;
2017-12-24T12:30:41.0440000;Sensor1;SO2;226.387508794821;
2017-12-24T12:30:41.0440000;Sensor1;PM10;49.4900632721248;
2017-12-24T12:30:16.6080000;Sensor2;O3;146.237504268167;
2017-12-24T12:30:16.6080000;Sensor2;NO2;285.624836890731;
2017-12-24T12:30:16.6080000;Sensor2;SO2;283.786350573396;
2017-12-24T12:30:16.6080000;Sensor2;PM10;53.4446516104567;
2017-12-24T12:31:04.6540000;Sensor3;O3;140.049479183757;
2017-12-24T12:31:04.6540000;Sensor3;NO2;311.453311395757;
2017-12-24T12:31:04.6540000;Sensor3;SO2;286.6055675905;
2017-12-24T12:31:04.6540000;Sensor3;PM10;56.7428830300365;
2017-12-24T12:30:11.7150000;Sensor4;O3;112.032937130114;
2017-12-24T12:30:11.7150000;Sensor4;NO2;327.622654922868;
2017-12-24T12:30:11.7150000;Sensor4;SO2;289.329892293701;
2017-12-24T12:30:11.7150000;Sensor4;PM10;48.2607544533354;
2017-12-24T12:31:12.8950000;Sensor5;O3;183.622161017074;
2017-12-24T12:31:12.8950000;Sensor5;NO2;264.753134284918;
2017-12-24T12:31:12.8950000;Sensor5;SO2;308.005229222595;
2017-12-24T12:31:12.8950000;Sensor5;PM10;42.8277594507775;
2017-12-24T12:31:14.2150000;Sensor6;O3;120.798148855768;
2017-12-24T12:31:14.2150000;Sensor6;NO2;262.193035930154;
2017-12-24T12:31:14.2150000;Sensor6;SO2;262.921680759412;
2017-12-24T12:31:14.2150000;Sensor6;PM10;56.6760305599518;
2017-12-24T12:30:44.5860000;Sensor7;O3;110.398091241097;
2017-12-24T12:30:44.5860000;Sensor7;NO2;315.618571318523;
2017-12-24T12:30:44.5860000;Sensor7;SO2;263.232449106429;
2017-12-24T12:30:44.5860000;Sensor7;PM10;48.7810374065755;
2017-12-24T12:30:28.8840000;Sensor8;O3;142.015546265745;
2017-12-24T12:30:28.8840000;Sensor8;NO2;336.78571776992;
2017-12-24T12:30:28.8840000;Sensor8;SO2;262.145072158126;
2017-12-24T12:30:28.8840000;Sensor8;PM10;46.308441175119;
2017-12-24T12:30:55.5460000;Sensor9;O3;156.889198941833;
2017-12-24T12:30:55.5460000;Sensor9;NO2;316.15268621044;
2017-12-24T12:30:55.5460000;Sensor9;SO2;297.138682518984;
2017-12-24T12:30:55.5460000;Sensor9;PM10;49.9797407926367;
2017-12-24T13:00:42.3050000;Sensor0;O3;187.077929244221;
2017-12-24T13:00:42.3050000;Sensor0;NO2;359.333740605835;
2017-12-24T13:00:42.3050000;Sensor0;SO2;330.22461263894;
2017-12-24T13:00:42.3050000;Sensor0;PM10;44.0629279174182;
2017-12-24T13:01:14.7100000;Sensor1;O3;161.193316594826;
2017-12-24T13:01:14.7100000;Sensor1;NO2;301.528957346085;
2017-12-24T13:01:14.7100000;Sensor1;SO2;218.598979572852;
2017-12-24T13:01:14.7100000;Sensor1;PM10;47.5849554019839;
2017-12-24T13:01:16.3410000;Sensor2;O3;145.877182036827;
2017-12-24T13:01:16.3410000;Sensor2;NO2;264.350976680944;
2017-12-24T13:01:16.3410000;Sensor2;SO2;270.922404818149;
2017-12-24T13:01:16.3410000;Sensor2;PM10;50.6782540961821;
2017-12-24T13:00:18.1140000;Sensor3;O3;132.928112519315;
2017-12-24T13:00:18.1140000;Sensor3;NO2;328.681253729869;
2017-12-24T13:00:18.1140000;Sensor3;SO2;273.110879792652;
2017-12-24T13:00:18.1140000;Sensor3;PM10;51.9414926700348;
2017-12-24T13:00:54.8010000;Sensor4;O3;111.805751443623;
2017-12-24T13:00:54.8010000;Sensor4;NO2;341.019842828161;
2017-12-24T13:00:54.8010000;Sensor4;SO2;308.283366655806;
2017-12-24T13:00:54.8010000;Sensor4;PM10;51.7982104866843;
2017-12-24T13:01:09.3850000;Sensor5;O3;167.361597494588;
2017-12-24T13:01:09.3850000;Sensor5;NO2;267.629032972882;
2017-12-24T13:01:09.3850000;Sensor5;SO2;311.564770458914;
2017-12-24T13:01:09.3850000;Sensor5;PM10;39.1590123281853;
2017-12-24T13:00:24.2710000;Sensor6;O3;125.220149562176;
2017-12-24T13:00:24.2710000;Sensor6;NO2;249.046493250217;
2017-12-24T13:00:24.2710000;Sensor6;SO2;258.060495054374;
2017-12-24T13:00:24.2710000;Sensor6;PM10;57.0194130624095;
2017-12-24T13:00:33.2650000;Sensor7;O3;120.160167716124;
2017-12-24T13:00:33.2650000;Sensor7;NO2;317.169993254322;
2017-12-24T13:00:33.2650000;Sensor7;SO2;275.831847459769;
2017-12-24T13:00:33.2650000;Sensor7;PM10;50.4564461297518;
2017-12-24T13:00:18.5160000;Sensor8;O3;141.126748386389;
2017-12-24T13:00:18.5160000;Sensor8;NO2;313.158079879585;
2017-12-24T13:00:18.5160000;Sensor8;SO2;265.032640803414;
2017-12-24T13:00:18.5160000;Sensor8;PM10;49.099368045631;
2017-12-24T13:01:16.2020000;Sensor9;O3;150.077236640013;
2017-12-24T13:01:16.2020000;Sensor9;NO2;328.895700762653;
2017-12-24T13:01:16.2020000;Sensor9;SO2;314.652431543223;
2017-12-24T13:01:16.2020000;Sensor9;PM10;50.4697169638674;
2017-12-24T13:30:37.0320000;Sensor0;O3;189.30711291342;
2017-12-24T13:30:37.0320000;Sensor0;NO2;368.485899054406;
2017-12-24T13:30:37.0320000;Sensor0;SO2;318.36364506288;
2017-12-24T13:30:37.0320000;Sensor0;PM10;47.0779503582981;
2017-12-24T13:30:09.4440000;Sensor1;O3;164.630645252839;
2017-12-24T13:30:09.4440000;Sensor1;NO2;288.391472236214;
2017-12-24T13:30:09.4440000;Sensor1;SO2;240.794758544583;
2017-12-24T13:30:09.4440000;Sensor1;PM10;51.3828249163527;
2017-12-24T13:31:13.2830000;Sensor2;O3;154.31639846934;
2017-12-24T13:31:13.2830000;Sensor2;NO2;293.466279551395;
2017-12-24T13:31:13.2830000;Sensor2;SO2;257.961820911212;
2017-12-24T13:31:13.2830000;Sensor2;PM10;46.2134743705801;
2017-12-24T13:30:25.5090000;Sensor3;O3;128.433141062832;
2017-12-24T13:30:25.5090000;Sensor3;NO2;335.18968602518;
2017-12-24T13:30:25.5090000;Sensor3;SO2;279.19323225066;
2017-12-24T13:30:25.5090000;Sensor3;PM10;55.0425689075722;
2017-12-24T13:30:42.7800000;Sensor4;O3;119.402714000452;
2017-12-24T13:30:42.7800000;Sensor4;NO2;311.724373469164;
2017-12-24T13:30:42.7800000;Sensor4;SO2;307.722272869514;
2017-12-24T13:30:42.7800000;Sensor4;PM10;54.666972310262;
2017-12-24T13:30:15.1290000;Sensor5;O3;158.609910821498;
2017-12-24T13:30:15.1290000;Sensor5;NO2;254.417459900214;
2017-12-24T13:30:15.1290000;Sensor5;SO2;293.49296646475;
2017-12-24T13:30:15.1290000;Sensor5;PM10;35.8267179338341;
2017-12-24T13:30:44.7980000;Sensor6;O3;120.799503159009;
2017-12-24T13:30:44.7980000;Sensor6;NO2;254.464095110178;
2017-12-24T13:30:44.7980000;Sensor6;SO2;240.992521816816;
2017-12-24T13:30:44.7980000;Sensor6;PM10;57.4108628794104;
2017-12-24T13:30:50.7920000;Sensor7;O3;131.003462910677;
2017-12-24T13:30:50.7920000;Sensor7;NO2;331.779657802847;
2017-12-24T13:30:50.7920000;Sensor7;SO2;280.147839887836;
2017-12-24T13:30:50.7920000;Sensor7;PM10;50.4112675256142;
2017-12-24T13:31:03.5640000;Sensor8;O3;140.958191432867;
2017-12-24T13:31:03.5640000;Sensor8;NO2;318.996541226716;
2017-12-24T13:31:03.5640000;Sensor8;SO2;282.3040580661;
2017-12-24T13:31:03.5640000;Sensor8;PM10;52.4344312381443;
2017-12-24T13:30:36.9030000;Sensor9;O3;149.154680169547;
2017-12-24T13:30:36.9030000;Sensor9;NO2;346.528320944776;
2017-12-24T13:30:36.9030000;Sensor9;SO2;312.054932465065;
2017-12-24T13:30:36.9030000;Sensor9;PM10;50.3057001217691;
2017-12-24T14:00:51.1570000;Sensor0;O3;188.626521660625;
2017-12-24T14:00:51.1570000;Sensor0;NO2;339.378611693813;
2017-12-24T14:00:51.1570000;Sensor0;SO2;294.832701454516;
2017-12-24T14:00:51.1570000;Sensor0;PM10;43.5105343377153;
2017-12-24T14:01:08.4200000;Sensor1;O3;168.047323835837;
2017-12-24T14:01:08.4200000;Sensor1;NO2;271.035327626758;
2017-12-24T14:01:08.4200000;Sensor1;SO2;244.629872910721;
2017-12-24T14:01:08.4200000;Sensor1;PM10;52.2041842519035;
2017-12-24T14:01:18.1160000;Sensor2;O3;152.819731994509;
2017-12-24T14:01:18.1160000;Sensor2;NO2;268.759045893066;
2017-12-24T14:01:18.1160000;Sensor2;SO2;275.441080674765;
2017-12-24T14:01:18.1160000;Sensor2;PM10;45.6109564082724;
2017-12-24T14:00:50.3050000;Sensor3;O3;124.429083324354;
2017-12-24T14:00:50.3050000;Sensor3;NO2;350.194620107111;
2017-12-24T14:00:50.3050000;Sensor3;SO2;283.060136281941;
2017-12-24T14:00:50.3050000;Sensor3;PM10;54.1414681641882;
2017-12-24T14:00:43.6780000;Sensor4;O3;121.688401350771;
2017-12-24T14:00:43.6780000;Sensor4;NO2;284.504402424338;
2017-12-24T14:00:43.6780000;Sensor4;SO2;287.9492798277;
2017-12-24T14:00:43.6780000;Sensor4;PM10;51.0997046053999;
2017-12-24T14:00:00.9980000;Sensor5;O3;144.798260948609;
2017-12-24T14:00:00.9980000;Sensor5;NO2;237.902036549981;
2017-12-24T14:00:00.9980000;Sensor5;SO2;300.737789439792;
2017-12-24T14:00:00.9980000;Sensor5;PM10;36.4198447538083;
2017-12-24T14:01:03.1510000;Sensor6;O3;119.787346754335;
2017-12-24T14:01:03.1510000;Sensor6;NO2;265.786068205013;
2017-12-24T14:01:03.1510000;Sensor6;SO2;252.67022601703;
2017-12-24T14:01:03.1510000;Sensor6;PM10;56.3428377079313;
2017-12-24T14:01:20.2520000;Sensor7;O3;123.861345380924;
2017-12-24T14:01:20.2520000;Sensor7;NO2;323.182615753928;
2017-12-24T14:01:20.2520000;Sensor7;SO2;257.509937969105;
2017-12-24T14:01:20.2520000;Sensor7;PM10;53.5832699492998;
2017-12-24T14:01:20.1270000;Sensor8;O3;145.480126219888;
2017-12-24T14:01:20.1270000;Sensor8;NO2;302.56949960625;
2017-12-24T14:01:20.1270000;Sensor8;SO2;258.569041526586;
2017-12-24T14:01:20.1270000;Sensor8;PM10;53.4097926024058;
2017-12-24T14:00:22.2080000;Sensor9;O3;147.270551721656;
2017-12-24T14:00:22.2080000;Sensor9;NO2;354.762177288495;
2017-12-24T14:00:22.2080000;Sensor9;SO2;307.058061037966;
2017-12-24T14:00:22.2080000;Sensor9;PM10;48.4497824750163;
2017-12-24T14:30:11.5870000;Sensor0;O3;188.733850146174;
2017-12-24T14:30:11.5870000;Sensor0;NO2;320.960511617313;
2017-12-24T14:30:11.5870000;Sensor0;SO2;273.523150234264;
2017-12-24T14:30:11.5870000;Sensor0;PM10;39.5672643921251;
2017-12-24T14:30:07.7930000;Sensor1;O3;168.740136500273;
2017-12-24T14:30:07.7930000;Sensor1;NO2;295.490526824;
2017-12-24T14:30:07.7930000;Sensor1;SO2;266.244259699472;
2017-12-24T14:30:07.7930000;Sensor1;PM10;48.0699381278044;
2017-12-24T14:31:06.4150000;Sensor2;O3;154.00341164428;
2017-12-24T14:31:06.4150000;Sensor2;NO2;267.021919766782;
2017-12-24T14:31:06.4150000;Sensor2;SO2;256.876023504726;
2017-12-24T14:31:06.4150000;Sensor2;PM10;49.6690893653403;
2017-12-24T14:30:45.2170000;Sensor3;O3;135.694636446642;
2017-12-24T14:30:45.2170000;Sensor3;NO2;334.572380796171;
2017-12-24T14:30:45.2170000;Sensor3;SO2;277.502010105818;
2017-12-24T14:30:45.2170000;Sensor3;PM10;53.8028713511932;
2017-12-24T14:30:34.5730000;Sensor4;O3;134.787856528628;
2017-12-24T14:30:34.5730000;Sensor4;NO2;300.720989330149;
2017-12-24T14:30:34.5730000;Sensor4;SO2;297.70050035827;
2017-12-24T14:30:34.5730000;Sensor4;PM10;51.5542721474613;
2017-12-24T14:31:16.4680000;Sensor5;O3;138.488940239933;
2017-12-24T14:31:16.4680000;Sensor5;NO2;269.62385510165;
2017-12-24T14:31:16.4680000;Sensor5;SO2;298.343655689306;
2017-12-24T14:31:16.4680000;Sensor5;PM10;41.3591085258267;
2017-12-24T14:30:52.4690000;Sensor6;O3;116.909532672748;
2017-12-24T14:30:52.4690000;Sensor6;NO2;274.736478997945;
2017-12-24T14:30:52.4690000;Sensor6;SO2;250.039568120279;
2017-12-24T14:30:52.4690000;Sensor6;PM10;53.9005013109304;
2017-12-24T14:30:06.2080000;Sensor7;O3;116.353589190061;
2017-12-24T14:30:06.2080000;Sensor7;NO2;321.665344641323;
2017-12-24T14:30:06.2080000;Sensor7;SO2;267.624893002646;
2017-12-24T14:30:06.2080000;Sensor7;PM10;52.07598688851;
2017-12-24T14:30:27.5520000;Sensor8;O3;139.747288444007;
2017-12-24T14:30:27.5520000;Sensor8;NO2;298.549221656624;
2017-12-24T14:30:27.5520000;Sensor8;SO2;280.289449964872;
2017-12-24T14:30:27.5520000;Sensor8;PM10;49.6005824927446;
2017-12-24T14:30:30.3750000;Sensor9;O3;139.870878368608;
2017-12-24T14:30:30.3750000;Sensor9;NO2;327.313664920122;
2017-12-24T14:30:30.3750000;Sensor9;SO2;285.504308348274;
2017-12-24T14:30:30.3750000;Sensor9;PM10;45.2200378780451;
2017-12-24T15:00:37.7030000;Sensor0;O3;175.144797714646;
2017-12-24T15:00:37.7030000;Sensor0;NO2;307.309178080483;
2017-12-24T15:00:37.7030000;Sensor0;SO2;249.112393909401;
2017-12-24T15:00:37.7030000;Sensor0;PM10;44.2862590424924;
2017-12-24T15:00:21.8520000;Sensor1;O3;176.887733710024;
2017-12-24T15:00:21.8520000;Sensor1;NO2;292.49359384505;
2017-12-24T15:00:21.8520000;Sensor1;SO2;267.488227016916;
2017-12-24T15:00:21.8520000;Sensor1;PM10;45.0790428011884;
2017-12-24T15:01:15.1750000;Sensor2;O3;156.57103266166;
2017-12-24T15:01:15.1750000;Sensor2;NO2;261.907175876627;
2017-12-24T15:01:15.1750000;Sensor2;SO2;236.126330127654;
2017-12-24T15:01:15.1750000;Sensor2;PM10;49.5562935493386;
2017-12-24T15:00:39.9760000;Sensor3;O3;149.151479922252;
2017-12-24T15:00:39.9760000;Sensor3;NO2;356.990443589303;
2017-12-24T15:00:39.9760000;Sensor3;SO2;290.805442377992;
2017-12-24T15:00:39.9760000;Sensor3;PM10;56.4891653433739;
2017-12-24T15:00:32.8340000;Sensor4;O3;131.180219654379;
2017-12-24T15:00:32.8340000;Sensor4;NO2;303.911868089327;
2017-12-24T15:00:32.8340000;Sensor4;SO2;273.991815502202;
2017-12-24T15:00:32.8340000;Sensor4;PM10;48.6678944406165;
2017-12-24T15:00:09.8470000;Sensor5;O3;138.318053602396;
2017-12-24T15:00:09.8470000;Sensor5;NO2;287.466651653407;
2017-12-24T15:00:09.8470000;Sensor5;SO2;301.918805052397;
2017-12-24T15:00:09.8470000;Sensor5;PM10;39.6309626404302;
2017-12-24T15:00:56.7060000;Sensor6;O3;110.734253569314;
2017-12-24T15:00:56.7060000;Sensor6;NO2;295.476972077834;
2017-12-24T15:00:56.7060000;Sensor6;SO2;246.380458167779;
2017-12-24T15:00:56.7060000;Sensor6;PM10;53.4422606607016;
2017-12-24T15:00:40.6930000;Sensor7;O3;106.024487491036;
2017-12-24T15:00:40.6930000;Sensor7;NO2;324.989839686144;
2017-12-24T15:00:40.6930000;Sensor7;SO2;267.509171949855;
2017-12-24T15:00:40.6930000;Sensor7;PM10;47.8142878832538;
2017-12-24T15:00:18.6990000;Sensor8;O3;146.135161790339;
2017-12-24T15:00:18.6990000;Sensor8;NO2;323.279215441079;
2017-12-24T15:00:18.6990000;Sensor8;SO2;281.43804502833;
2017-12-24T15:00:18.6990000;Sensor8;PM10;49.9528602315078;
2017-12-24T15:01:02.8770000;Sensor9;O3;152.340711443976;
2017-12-24T15:01:02.8770000;Sensor9;NO2;317.920710521205;
2017-12-24T15:01:02.8770000;Sensor9;SO2;282.763176443988;
2017-12-24T15:01:02.8770000;Sensor9;PM10;47.2082889095929;
2017-12-24T15:30:35.2590000;Sensor0;O3;166.066962384026;
2017-12-24T15:30:35.2590000;Sensor0;NO2;292.482963992867;
2017-12-24T15:30:35.2590000;Sensor0;SO2;240.39365401995;
2017-12-24T15:30:35.2590000;Sensor0;PM10;47.209367614277;
2017-12-24T15:30:09.1720000;Sensor1;O3;176.383752969005;
2017-12-24T15:30:09.1720000;Sensor1;NO2;277.404165530259;
2017-12-24T15:30:09.1720000;Sensor1;SO2;280.07877399719;
2017-12-24T15:30:09.1720000;Sensor1;PM10;48.3022912113748;
2017-12-24T15:31:10.8690000;Sensor2;O3;144.647883985332;
2017-12-24T15:31:10.8690000;Sensor2;NO2;279.671969491078;
2017-12-24T15:31:10.8690000;Sensor2;SO2;229.949425685052;
2017-12-24T15:31:10.8690000;Sensor2;PM10;49.7933270824179;
2017-12-24T15:31:00.4800000;Sensor3;O3;156.574644601784;
2017-12-24T15:31:00.4800000;Sensor3;NO2;375.356085681524;
2017-12-24T15:31:00.4800000;Sensor3;SO2;290.216777213162;
2017-12-24T15:31:00.4800000;Sensor3;PM10;51.6459641023053;
2017-12-24T15:30:39.1560000;Sensor4;O3;128.764065104997;
2017-12-24T15:30:39.1560000;Sensor4;NO2;300.060672609778;
2017-12-24T15:30:39.1560000;Sensor4;SO2;285.251948269845;
2017-12-24T15:30:39.1560000;Sensor4;PM10;49.9321792063352;
2017-12-24T15:30:59.8300000;Sensor5;O3;135.72680093573;
2017-12-24T15:30:59.8300000;Sensor5;NO2;314.452579765426;
2017-12-24T15:30:59.8300000;Sensor5;SO2;298.974075397254;
2017-12-24T15:30:59.8300000;Sensor5;PM10;40.5681853520501;
2017-12-24T15:30:16.7360000;Sensor6;O3;102.905103604923;
2017-12-24T15:30:16.7360000;Sensor6;NO2;283.112919006179;
2017-12-24T15:30:16.7360000;Sensor6;SO2;224.183716748704;
2017-12-24T15:30:16.7360000;Sensor6;PM10;56.1449974095143;
2017-12-24T15:30:34.1190000;Sensor7;O3;121.555993262453;
2017-12-24T15:30:34.1190000;Sensor7;NO2;324.448435780693;
2017-12-24T15:30:34.1190000;Sensor7;SO2;272.970801043702;
2017-12-24T15:30:34.1190000;Sensor7;PM10;46.9829204127866;
2017-12-24T15:31:19.2900000;Sensor8;O3;154.620922473909;
2017-12-24T15:31:19.2900000;Sensor8;NO2;336.713259271385;
2017-12-24T15:31:19.2900000;Sensor8;SO2;288.914412285368;
2017-12-24T15:31:19.2900000;Sensor8;PM10;47.816586943444;
2017-12-24T15:30:11.0740000;Sensor9;O3;164.069186988693;
2017-12-24T15:30:11.0740000;Sensor9;NO2;322.542709180622;
2017-12-24T15:30:11.0740000;Sensor9;SO2;259.976131639703;
2017-12-24T15:30:11.0740000;Sensor9;PM10;50.7598329301746;
2017-12-24T16:01:23.6350000;Sensor0;O3;178.018401157822;
2017-12-24T16:01:23.6350000;Sensor0;NO2;309.784059616624;
2017-12-24T16:01:23.6350000;Sensor0;SO2;240.292603558412;
2017-12-24T16:01:23.6350000;Sensor0;PM10;45.0616318209431;
2017-12-24T16:00:03.8790000;Sensor1;O3;182.577434532793;
2017-12-24T16:00:03.8790000;Sensor1;NO2;276.439867934888;
2017-12-24T16:00:03.8790000;Sensor1;SO2;285.556260070885;
2017-12-24T16:00:03.8790000;Sensor1;PM10;44.8168962382617;
2017-12-24T16:01:06.2270000;Sensor2;O3;147.787895906302;
2017-12-24T16:01:06.2270000;Sensor2;NO2;290.890676607104;
2017-12-24T16:01:06.2270000;Sensor2;SO2;223.252403482655;
2017-12-24T16:01:06.2270000;Sensor2;PM10;50.897542118519;
2017-12-24T16:01:03.4850000;Sensor3;O3;164.675149917734;
2017-12-24T16:01:03.4850000;Sensor3;NO2;382.565563580117;
2017-12-24T16:01:03.4850000;Sensor3;SO2;286.771484445677;
2017-12-24T16:01:03.4850000;Sensor3;PM10;48.2466435763989;
2017-12-24T16:01:07.4190000;Sensor4;O3;123.539067643998;
2017-12-24T16:01:07.4190000;Sensor4;NO2;287.864974756628;
2017-12-24T16:01:07.4190000;Sensor4;SO2;267.591216338431;
2017-12-24T16:01:07.4190000;Sensor4;PM10;46.7669098706247;
2017-12-24T16:00:57.3120000;Sensor5;O3;138.758516380114;
2017-12-24T16:00:57.3120000;Sensor5;NO2;324.514619421968;
2017-12-24T16:00:57.3120000;Sensor5;SO2;295.938614509526;
2017-12-24T16:00:57.3120000;Sensor5;PM10;41.4501758536103;
2017-12-24T16:01:05.4240000;Sensor6;O3;114.043996584627;
2017-12-24T16:01:05.4240000;Sensor6;NO2;306.992202784652;
2017-12-24T16:01:05.4240000;Sensor6;SO2;234.544325513901;
2017-12-24T16:01:05.4240000;Sensor6;PM10;56.2238283750159;
2017-12-24T16:00:17.4760000;Sensor7;O3;118.070548059858;
2017-12-24T16:00:17.4760000;Sensor7;NO2;337.892566124083;
2017-12-24T16:00:17.4760000;Sensor7;SO2;283.091176686995;
2017-12-24T16:00:17.4760000;Sensor7;PM10;49.8810851521582;
2017-12-24T16:00:50.7650000;Sensor8;O3;153.60743906592;
2017-12-24T16:00:50.7650000;Sensor8;NO2;352.524513133694;
2017-12-24T16:00:50.7650000;Sensor8;SO2;287.901498390927;
2017-12-24T16:00:50.7650000;Sensor8;PM10;49.3862967983585;
2017-12-24T16:00:25.5330000;Sensor9;O3;152.602865937533;
2017-01-01T00:00:10.0100000;Sensor1;O3;0.664297588986907;
2017-01-01T01:00:00.5210000;Sensor1;O3;49.6403717948338;
2017-01-01T01:00:00.5210000;Sensor1;NO2;48.9249144242492;
2017-01-01T01:00:00.5210000;Sensor1;SO2;61.6670399776829;
2017-01-01T01:00:00.5210000;Sensor1;PM10;7.02066171015361;
2017-01-01T01:01:00.5260000;Sensor2;O3;53.1241612283613;
2017-01-01T01:01:00.5260000;Sensor2;NO2;99.1848393000581;
2017-01-01T01:01:00.5260000;Sensor2;SO2;80.1176480359192;
2017-01-01T01:01:00.5260000;Sensor2;PM10;12.6561573915591;
2017-01-01T01:00:57.7960000;Sensor3;O3;54.3429759726844;
2017-01-01T01:00:57.7960000;Sensor3;NO2;76.476603548531;
2017-01-01T01:00:57.7960000;Sensor3;SO2;52.7649789177908;
2017-01-01T01:00:57.7960000;Sensor3;PM10;18.1439667866493;
2017-01-01T01:00:59.8800000;Sensor4;O3;49.6311367650539;
2017-01-01T01:00:59.8800000;Sensor4;NO2;109.828179116773;
